,location
0,mexican
1,puerto rican
2,maine
3,francoamericans
4,maine
5,in maine
6,ã  bristol
7,rã
8,francoamã
9,bristol
10,premiãre
11,provincial
12,frenette
13,nouvelleangleterre
14,canadiens
15,francoamã
16,ãtatsunis
17,ãªtre
18,ã
19,ãtatsunis
20,rã
21,rã
22,ã
23,francophone
24,france
25,montreal
26,la ville
27,rose
28,also
29,class
30,boston
31,south end press
32,although
33,craig
34,rã
35,nouvelleangleterre
36,taysachs
37,francoamerican
38,that
39,brunswick
40,maine
41,francoamerican
42,to maine
43,essay
44,worcester
45,ma
46,maine
47,frenchmen
48,essay
49,their
50,new brunswick
51,maine
52,maine
53,includes
54,worcester
55,massachusetts
56,based
57,creveling
58,worcester
59,includes
60,creveling
61,frenchcanadian
62,extends
63,maine
64,provides
65,new england
66,the scholarly
67,in
68,francoamã
69,massachusetts
70,du nord
71,french canada
72,fahri
73,frenette
74,new hampshire
75,meìtropole du canada
76,ã
77,ãtatsunis dontario
78,new york
79,new york
80,frenchcanadians
81,rã
82,gardner
83,massachusetts
84,biddeford
85,maine
86,berlin
87,new hampshire
88,massachusetts
89,bristol
90,connecticut
91,rhode island
92,glottopol
93,jã
94,consã
95,rã
96,stelling
97,ãtatsunis
98,ã
99,rã
100,francoamã
101,rã
102,villesâ
103,woonsocket
104,rhode island
105,gardner
106,massachussetts
107,bristol
108,connecticut
109,francoamã
110,ã
111,nouvelleangleterre
112,lewiston
113,maine
114,canadiens
115,i860
116,rã
117,ãtatsunis
118,travaillãrent ã
119,rã
120,nouvelleangleterre
121,france
122,
123,rã
124,â
125,angleterre
126,rhode island
127,i
128,quebec
129,quebec
130,oftentimes
131,new france and
132,quebec
133,essay
134,francoamerican history
135,new hampshire
136,unionstjeanbaptiste library
137,new england
138,worcester
139,massachusetts
140,ham interrogates
141,new england
142,amoskeag
143,tamara
144,etatsunis
145,
146,louisiana
147,cajun
148,canada
149,brief
150,includes
151,england towns
152,maine
153,includes
154,i
155,i
156,canadian
157,canada
158,new hampshire
159,written
160,in maine
161,madawaska
162,look
163,dorothy
164,survival
165,resiliency
166,maine
167,from canuck
168,robbins
169,excerpt
170,rhea côté robbins  calice
171,graine pousse
172,maine
173,francoamerican work traditions
174,québec
175,soldier in maine
176,becoming
177,francoamerican
178,books
179,normand
180,beaupré
181,normand
182,excerpts
183,a bridge and its history
184,frenchcanadian
185,lists
186,new england
187,essay
188,virtually
189,although
190,oral history research and
191,their âœfranco
192,however
193,frenchamericans
194,canadians
195,essay
196,canadian
197,plante
198,proulx
199,new england
200,although it awakened nativist suspicion in the united states
201,nouvelleangleterre
202,francoamerican
203,amenã
204,archipel
205,rã
206,ã
207,maine
208,rãpartition
209,etats
210,louisiane
211,nouvelleangleterre
212,rãpartition des francophones
213,t
214,rã
215,ã
216,originalitã
217,rã
218,observations
219,brunswick
220,maine
221,frenchcanadians
222,new england
223,what
224,finally
225,minnesota
226,oedipal
227,as
228,â
229,francoamerican
230,english
231,glottopol
232,rã
233,rã
234,rã
235,new england
236,taysachs
237,nouvelleangleterre
238,rã
239,new england
240,francoamerican
241,townlevel variables
242,new england
243,francoamerican
244,låuvre de kerouac
245,frenchcanadian
246,canada
247,who took up
248,rã
249,frenchcanadian
250,history of their francoamerican
251,lewiston
252,maine
253,maine
254,maine
255,rhea coìtã
256,child
257,in france
258,vermont
259,francoamericans
260,english
261,etatsunis
262,modãle
263,rã
264,cornville
265,maine
266,francoamericanâ
267,fall river
268,massachusetts
269,sorrell
270,du nord
271,pã
272,essay
273,in francoamerican bilingual
274,massachusetts
275,includes
276,frenchcanadian women
277,lowell
278,massachusetts
279,takai
280,lowell
281,massachusetts
282,french america
283,consortium
284,ã
285,nouvelleangleterre
286,maniãre
287,rã
288,vermont
289,suggesting
290,etatsunis
291,du maine
292,new england
293,essay
294,new england
295,for women
296,new england
297,maine
298,worcester
299,massachusetts
300,their
301,new york
302,canadiens
303,nouvelle angleterre
304,barre
305,vermont
306,church history
307,schools
308,oral history
309,audiovisual
310,francoamerican
311,cds
312,rhode island
313,francoamericans
314,rhode island college and
315,lists
316,maine
317,francoamerican
318,approximately
319,rã
320,sainterosaire de rochester
321,new hampshire
322,madawaska
323,maine
324,acadian
325,includes
326,frenchcanadian
327,rhode island
328,rhode island
329,maine
330,maine
331,their votes
332,businessmen
333,maine
334,francoamerican
335,francoamerican
336,maine
337,new england
338,their
339,observations
340,contains
341,worcester
342,massachusetts
343,contradicting
344,massachusetts
345,francoamerican
346,massachusetts
347,america
348,frenchenglish
349,northern vermont
350,however
351,new hampshire
352,new hampshire
353,new england
354,frenchcanadian children
355,massachusetts
356,frenchcanadian
357,frenchcanadian parish
358,new england
359,frenchcanadian
360,frenchcanadian
361,although
362,francoamerican
363,putnam
364,new brunswick
365,acadian
366,river valley
367,ã
368,comtã du madawaska
369,nouveaubrunswick
370,saintjean
371,saintlãonard
372,ã
373,frontiãre
374,nouveaubrunswick
375,etat
376,maine
377,granderiviãre ã
378,riviãre saintjean
379,homogãne
380,ãconomique
381,saintlã
382,frenchcanadian
383,rhode island
384,massachusetts
385,massachusetts
386,america
387,robbins
388,examines
389,new hampshire
390,french
391,synchronically
392,manchester
393,new hampshire
394,canadiens
395,michigan
396,rãsumã
397,canadiens
398,michigan
399,canadiens
400,rã
401,etat
402,keweenaw
403,canadiens
404,michigan
405,ã
406,canadiens
407,michigan
408,ã
409,canadiens
410,ã
411,canadiens
412,maniãre
413,canadiens
414,michigan
415,michigan
416,maniãre
417,conjuguãe ã
418,canadiens
419,ã
420,canadiens
421,rã
422,canadiens
423,lake linden
424,rã
425,canadiens
426,rã
427,as
428,massachusetts
429,this
430,francoamerican
431,part ii
432,because francoamerican culture
433,from france to what is known today as
434,from canada to new england
435,covers
436,i
437,ãtudiant
438,de france
439,maine
440,maine
441,ã
442,xixãme
443,dã
444,nouvelleangleterre
445,ã
446,ã
447,maine
448,maine
449,nomãne
450,rã
451,rã
452,sharing
453,franco
454,maine
455,ã
456,rã
457,ã  waterville
458,rã
459,franãais francoamãricain
460,nomãne
461,evangeline
462,grandpre
463,madawaska
464,maine
465,history of bilingualism and contact
466,first
467,young
468,secondly
469,higher
470,conversely
471,attitudes do not generally
472,maine
473,frenchcanadian
474,americanization
475,americans
476,maine
477,englishscottish
478,quebec
479,canada
480,maine
481,frenchcanadian
482,their
483,maine
484,frenchcanadian
485,sand hill
486,augusta
487,maine
488,massachusetts
489,rhode island
490,i
491,i
492,i
493,i
494,their identity through
495,blacks
496,i
497,i
498,paradoxically
499,i
500,massachusetts
501,rhode island
502,i
503,i
504,francoamerican
505,massachusetts
506,lowell
507,massachusetts
508,during
509,women
510,such
511,i
512,new hampshire
513,nouvelleangleterre
514,fides
515,communauteì
516,ã
517,communauteì
518,communauteì
519,ã
520,miami
521,floribec
522,geìographie
523,floribec
524,quels
525,floribec
526,geìographie
527,floribec
528,floribec
529,suggeìrer
530,ã
531,eìloigneìes
532,communauteì
533,francoamerican
534,pivotal
535,observations
536,using
537,lewiston
538,massachusetts
539,france
540,often
541,pic
542,from grove press
543,centering
544,massachusetts
545,originally
546,tristessa
547,a young age shaped the early part of jack
548,ã
549,massachusetts
550,beverly
551,massachusetts
552,ã
553,extã
554,boston
555,aroostook
556,maine
557,frontiãre
558,etatsunis
559,nouveaubrunswick
560,op
561,frenchcanadian
562,in acadian
563,maine
564,canadoamericain
565,canada
566,canuck
567,in god
568,maine
569,grand dã
570,first
571,maine
572,massachusetts
573,massachusetts
574,lowell
575,massachusetts
576,from apple
577,i
578,river valley
579,fort kent
580,maine
581,bay street
582,maine
583,flashy
584,maine
585,awardwinning
586,in
587,new york
588,manchester
589,madawaska
590,nouveau brunswick
591,ã
592,noel
593,rã
594,maine
595,maine
596,notsocommon
597,i
598,i
599,does
600,troisriviãres
601,italians
602,english
603,lewiston
604,maine
605,tallest hill
606,read
607,premiãre
608,ãªtre
609,latching
610,england
611,greece
612,providence
613,rhode island
614,first
615,chronologically
616,republican
617,however
618,new world
619,protestant
620,maine
621,who witnesses
622,russian woman
623,originally
624,from winthrop
625,maine
626,contains
627,maine
628,lynn plourde
629,mr pottle
630,lisbon
631,maine
632,maine
633,new hampshire writer
634,two new
635,poulin
636,rã
637,etatsunis
638,etatsunis
639,francoaméricains
640,survol
641,canadiens
642,étatsunis
643,labeille
644,étatsunis
645,t stpierre
646,montréal
647,étatsunis
648,étatsunis
649,francoaméricanie
650,québec
651,québec
652,étatsunis
653,québec
654,étatsunis
655,québec
656,francoaméricanie
657,québec
658,étatsunis
659,étatsunis
660,étatsunis
661,nouvelleangleterre
662,nouvelleangleterre
663,émigré
664,étatsunis
665,française
666,worcester
667,mass
668,américains
669,us
670,from france
671,maine
672,does not know
673,annie
674,accordion crimes
675,poles
676,africans
677,irishscots
678,québécois
679,france
680,britain
681,québécois
682,europe
683,africa
684,and india
685,québécois
686,hudson bay
687,nouvelle france
688,québécois
689,france
690,their
691,massachusetts
692,massachusetts
693,waterville
694,maine
695,contiens
696,maine
697,lewiston
698,maine
699,doubleday
700,their ancestral homeland
701,maine
702,nouvelleangleterre
703,laurentian heritage
704,of francoamerican
705,vermont
706,songs
707,ã
708,nouvelleangleterre
709,new england
710,abenaki
711,francoamerican writer from
712,originally
713,republished
714,frenchcanadian
715,boston
716,grand deìrangement
717,new england
718,corn dance
719,new england
720,from wellesley
721,new mexico
722,massachusetts
723,massachusetts
724,through
725,frenchcanadian
726,francoameìricain
727,eìtatsunis
728,portland
729,maine
730,httpwwweruditorgrevuehaf1955v8n4301686arpdf
731,etatsunis
732,nouvelleangleterre
733,antilles
734,haïti
735,petites antilles
736,martinique
737,guadeloupe
738,maine
739,also
740,french canadianamerican
741,new hampshire
742,with
743,heartscarred
744,darby
745,new hampshire
746,acadians
747,creoles
748,becoming cajun
749,acadians
750,québec
751,parody
752,massachusetts
753,mexico city
754,after
755,mexico city blues from several
756,mexico
757,although
758,francoameìricanie
759,francoamerican
760,beaupré
761,eìcrivains
762,nouvelleangleterre
763,each
764,francoamericans
765,francoamerican selfidentity and life values
766,chretiens
767,early
768,new england
769,new england
770,large
771,literature
772,religious grounds
773,litteìrature francoameìricaine
774,canada
775,nouvelleangleterre
776,paris
777,moreover
778,beaupré
779,québec
780,etatsunis
781,new hampshire
782,however
783,lamèque
784,new brunswick
785,beaupré
786,tellitalls
787,the shoe shops
788,maine
789,based
790,southern maine
791,francoamericains
792,canada
793,nouvelleangleterre
794,ãªtres
795,french impressionism as well as postimpressionism
796,arles
797,saintrémydeprovence
798,arles
799,arles
800,new england city
801,maine
802,these stories often play with
803,canadian
804,american
805,frenchcanadian
806,once again
807,canada
808,books in canada
809,as
810,englishspeaking
811,little canuck
812,in brunswick
813,maine
814,bonang
815,maine
816,brunswick
817,canada
818,etatsunis
819,modernday acadia and the acadians in louisiana
820,new orleans
821,louisiana
822,massachusetts
823,revoir
824,in
825,louisiana
826,originally
827,rale
828,jã
829,ã
830,indiens
831,province du maine
832,la france
833,rã
834,things
835,through
836,cormier
837,retired
838,rumford
839,maine
840,massachusetts
841,mort
842,waterville
843,maine
844,selfconsciously standoffish clairvoyants
845,maine
846,jr
847,maine
848,du maine
849,la france
850,acadie
851,catholique stbruno
852,stjean
853,maine
854,their
855,maine
856,downeasters
857,maine
858,and
859,â
860,maine
861,alert
862,francoameìricain
863,read
864,du maine
865,nouvelleangleterre
866,poãte
867,read
868,lire
869,tizoom
870,read
871,read
872,lire
873,froufrou
874,read
875,premiãre
876,queìbec
877,new york city
878,frenchcanadian
879,larochelle
880,bordeleau
881,ãªtre
882,sansoucy
883,arriãregrandpãre ã
884,biroleau
885,moyen
886,cemetery
887,lewiston
888,maine
889,lowell
890,massachusetts
891,valleìe
892,rivieìre saintjean
893,nouveaubrunswick
894,louisiana
895,massachusetts
896,quebec
897,nouvelleangleterre
898,belgique
899,canada
900,maine
901,maine
902,forêt du maine
903,union st jean baptiste
904,catholique
905,nouvelleangleterre
906,france
907,new brunswick
908,new brunswick
909,maine
910,maine
911,francoamerican
912,from brunswick
913,turner
914,portland
915,waterville
916,lewiston
917,maine
918,brunswick
919,maine
920,familycapitalism in a community of rural louisiana
921,frenchspeaking farmers of southern louisiana
922,louisiane
923,jr
924,ed
925,new iberia
926,louisiana
927,nouvelleangleterre
928,exercices
929,a
930,there
931,so
932,bangor
933,maine
934,canadianamerican
935,orono
936,maine
937,and her sexuality
938,river valley
939,begins
940,st john river valley
941,soldier pond
942,maine
943,volume
944,maine
945,essay
946,bicentennial
947,new france
948,new england
949,france
950,new jersey
951,pennsylvania
952,canadianus
953,maine
954,ãglise catholique romain
955,maine
956,through
957,acadie
958,grand dã
959,ã
960,nouvelleecosse
961,maine
962,maine
963,paroisse stbruno de van buren
964,maine
965,centiãme
966,vallãe stjean
967,contiens
968,ã
969,ãglise de la paroisse
970,maine
971,includes
972,étatsunis
973,canadiens
974,étatsunis
975,francoaméricains
976,québécois
977,nouvelleangleterre
978,etatsunis
979,nouvelle angleterre
980,maine
981,saco
982,big sur
983,from catholic
984,exciting
985,enriching
986,grand dã
987,stjacques
988,new brunswick
989,the stjohn river
990,maine
991,shared
992,maine
993,new hampshire
994,berlin
995,meìme
996,saintjean
997,maine
998,maine
999,maine
1000,new england
1001,maine
1002,maine
1003,new york
1004,from canada
1005,from france
1006,massachusetts
1007,massachusetts
1008,american city
1009,new hampshire
1010,manchester
1011,holyoke
1012,massachusetts
1013,milford
1014,maine
1015,massachusetts
1016,work
1017,maine
1018,includes
1019,rhode island
1020,sense of urgency
1021,however
1022,francoamerican
1023,maine
1024,begins
1025,iran
1026,and elsewhere
1027,history of new england women
1028,new hampshire
1029,originally
1030,new hampshire
1031,a world within
1032,us
1033,new hampshire
1034,culturally
1035,vermont writer
1036,french canadian
1037,ã
1038,canada
1039,rã
1040,ãtatsunis
1041,rã
1042,ã
1043,maine
1044,includes
1045,maine
1046,north america
1047,ameìrique
1048,a work designed
1049,vast
1050,businesspeople
1051,from france and canada
1052,compare
1053,maine
1054,centre francoamã
1055,ã  angers
1056,universiteìs
1057,angers
1058,france
1059,laval
1060,queìbec
1061,massachusetts
1062,lowell
1063,usa
1064,originally
1065,though
1066,francovermonters
1067,lowell
1068,massachusetts
1069,of maine
1070,minnesota
1071,contains
1072,american
1073,contains
1074,french acadian
1075,from france
1076,new hampshire
1077,quebec
1078,ãtatsunis
1079,ideìe
1080,ameìricains
1081,canadiens
1082,history of waterville
1083,maine
1084,begins
1085,lower canada
1086,new brunswick
1087,new england
1088,bãatrice craig examines and describes this
1089,britain
1090,homespun
1091,narrower
1092,twenty years fewer
1093,massachusetts
1094,new england
1095,contradicting
1096,ã
1097,providence
1098,rhode island
1099,manchester
1100,new hampshire
1101,francoamericains
1102,rã
1103,rhode island
1104,ã
1105,new hampshire
1106,paroisse saintgeorges de manchester
1107,history of new hampshireâ
1108,handlin
1109,their works
1110,and
1111,chapter
1112,new brunswick and maine
1113,new hampshire
1114,begins
1115,arcadia
1116,rhode island
1117,louisiana
1118,he
1119,places himself and a workingclass
1120,sanford
1121,maine
1122,weaving
1123,maine
1124,maine
1125,gives
1126,contains
1127,massachusetts
1128,and cohoes
1129,new york
1130,new brunswick
1131,new england
1132,new york
1133,new brunswick
1134,new england
1135,new york
1136,universite de moncton
1137,massachusetts
1138,biddeford
1139,maine
1140,francoamerican
1141,shoemaking
1142,north adams
1143,massachusetts
1144,new england
1145,massachusetts
1146,new england
1147,massachusetts
1148,maine
1149,maine
1150,written
1151,maine
1152,usa
1153,new hampshire
1154,etatsunis damerique
1155,canada
1156,maine
1157,maine
1158,maine
1159,includes
1160,maine
1161,fort kent
1162,maine
1163,canada
1164,étatsunis
1165,québec
1166,étatsunis
1167,français
1168,canada
1169,acadie
1170,nouvelleangleterre
1171,queìbec
1172,canadiens
1173,bascanada
1174,canadiens
1175,eìtatsunis
1176,queìbec
1177,eìtatsunis
1178,maine
1179,acadians
1180,francoamericans
1181,concord
1182,massachusetts
1183,quebec
1184,originally
1185,bath
1186,maine
1187,contains
1188,i
1189,i
1190,la terre
1191,maine
1192,maine
1193,francoamerican
1194,maine
1195,francoamericans
1196,maine
1197,history of women and healthcare in america
1198,ãtatsunis
1199,nouvelleangleterre
1200,teìmoignages
1201,etatsunis
1202,rã
1203,boston
1204,massachusetts
1205,rhode island
1206,portland
1207,maine
1208,new hampshire
1209,premiãre
1210,beaubassin
1211,grandpreì
1212,cobequid
1213,chipoudy
1214,petitcoudiac
1215,capdesable
1216,pobomcoup
1217,rivieìre saintjean
1218,ristigouche
1219,plaisance
1220,ile royale
1221,louisbourg
1222,ile saintjean
1223,iles saintpierre
1224,miquelon
1225,ilesdelamadeleine
1226,bordeaux
1227,belleileenmer
1228,louisiane
1229,ãcoles
1230,new hampshire
1231,nouvelleangleterre
1232,ãcoles
1233,connecticut
1234,nouvelleangleterre
1235,la france
1236,ãtatsunis
1237,annã
1238,vermont
1239,new england
1240,american city in itself
1241,new england threatened
1242,in maine
1243,begins
1244,maine
1245,lewiston
1246,maine
1247,two is
1248,contains
1249,preface
1250,francoamericans
1251,history 2
1252,lecteurs
1253,evangeline
1254,recuil
1255,dublin
1256,massachusetts
1257,maine
1258,saco
1259,biddeford
1260,saco
1261,biddeford
1262,worcester
1263,massachusetts
1264,class
1265,choquette
1266,canada
1267,canada
1268,canada
1269,new england women
1270,massachusetts
1271,survivance francoamã
1272,manchester
1273,new hamshire
1274,vitalitã
1275,de france
1276,canada
1277,etatsunis
1278,appelã
1279,ã
1280,francoamã
1281,midwest ãu
1282,contains
1283,wisconsin
1284,nouvelleangeleterre
1285,ãtatsunis
1286,herve b lemaire
1287,louisiana
1288,etatsunis
1289,ãtatsunis
1290,indã
1291,ãªtre
1292,colonisãe ã
1293,france
1294,canada
1295,nouvelle france
1296,indiens
1297,canada
1298,ã
1299,normand dube
1300,ã  fort kent
1301,maine
1302,rã
1303,centre
1304,farog forum
1305,ãtatsunis
1306,souverainetã du canada
1307,ã
1308,rã
1309,ãtatsunis
1310,ãtatsunis
1311,canadiens
1312,ã
1313,haiti
1314,new hampshire
1315,a history of francoamerican journalism
1316,new england french culture
1317,rhode island
1318,bessie bloom wessel
1319,herve lemaire
1320,rhode island
1321,biddeford
1322,maine
1323,maine
1324,frenchcanadian settlement in vermont prior to the civil war
1325,rhode island
1326,resume
1327,bienville
1328,jr
1329,louisiane
1330,louisiana
1331,new orleans
1332,louisiane
1333,louisiana
1334,new england french culture
1335,rhode island
1336,bessie bloom wessel
1337,herve lemaire
1338,rhode island
1339,biddeford
1340,maine
1341,maine
1342,frenchcanadian settlement in vermont prior to the civil war
1343,rhode island
1344,the frenchcanadians in new england
1345,quebec to little canada
1346,maine
1347,new
1348,le canadien
1349,belleriviere
1350,griffon
1351,crevecoeur
1352,de normandie
1353,mongolie
1354,nicolet
1355,the fur trade in wisconsin
1356,minnesota
1357,gulf coast country
1358,four cents an
1359,caribou
1360,maine
1361,new england franco american cities
1362,maine
1363,el paso
1364,texas
1365,louisiana
1366,bilingual
1367,risk taking
1368,bilingual
1369,promoting
1370,ã
1371,from vietnam and cuba
1372,the history of american
1373,madawaska
1374,maine
1375,which
1376,acadian
1377,madawaska
1378,maine
1379,massachusetts
1380,originally
1381,lowell
1382,massachusetts
1383,copy is known to exist and it is in private hands
1384,rhode island
1385,of francoamerican
1386,frenchcanadian
1387,maine
1388,river valley
1389,ãtatsunis de lest
1390,rã
1391,nouvelleangleterre
1392,rã
1393,ãtatsunis
1394,etatsunis
1395,massachusetts
1396,cinquantenaire de la paroisse notredame
1397,rã
1398,ã
1399,rã
1400,berlin
1401,new hampshire
1402,new england franco american cities
1403,new hampshire
1404,introduced
1405,amoskeag
1406,new hampshire
1407,their
1408,maine
1409,maine
1410,author
1411,maine
1412,assumption
1413,massachusetts
1414,rhode island
1415,massachusetts
1416,worcester
1417,massachusetts
1418,canadiens
1419,ãtatsunis
1420,nomãne
1421,ãglise de notredamedescanadiens
1422,north america
1423,chicago
1424,dutton
1425,frenchcanadian
1426,lewiston
1427,maine
1428,maine
1429,historical
1430,contains
1431,river valley
1432,milton
1433,new hampshire
1434,etatsunis
1435,somersworth
1436,new hampshire
1437,new hampshire
1438,francoamerican
1439,new england
1440,their states and their
1441,chinois de lest
1442,francoameìricanie
1443,histoire francoameìricaine
1444,nouvelleangleterre
1445,watertown
1446,connecticut
1447,francoameìricains
1448,queìbec
1449,ameìrique du nord
1450,francoamerican
1451,whether these attitudes
1452,two canadian
1453,canadian
1454,maine
1455,etatsunis
1456,etat
1457,written
1458,massachusetts
1459,american parish
1460,dominicains
1461,fall river
1462,massachusetts
1463,dominicains
1464,essay
1465,massachusetts
1466,maine
1467,jr
1468,massachusetts
1469,massachusetts
1470,massachusetts
1471,massachusetts
1472,shrine
1473,fall river
1474,massachusetts
1475,literature
1476,novel
1477,the novel as history
1478,population based
1479,childhood memories
1480,french island
1481,maine
1482,north america
1483,hope
1484,new brunswick
1485,america
1486,woodcarving in maine
1487,new hampshire
1488,vermont
1489,there
1490,lewiston
1491,maine
1492,levesque
1493,maine
1494,bangor
1495,maine
1496,china
1497,sri lanka
1498,colombia
1499,vietnam
1500,maine
1501,maine
1502,old
1503,maine
1504,lewiston
1505,maine
1506,maine
1507,will
1508,maine
1509,canada
1510,maine
1511,maine
1512,new gloucester
1513,maine
1514,maine
1515,frenchcanadian
1516,in maine
1517,francoamerican
1518,france
1519,francoamerican
1520,maine
1521,lewiston
1522,auburn
1523,museum la
1524,on maine
1525,lewiston
1526,lewiston
1527,auburn
1528,maine
1529,maine
1530,republican
1531,anticatholic
1532,connecticut
1533,contains
1534,new england
1535,maine
1536,maine
1537,state senate
1538,francoamerican
1539,boston
1540,of france
1541,maine
1542,amherst
1543,levasseur
1544,maine
1545,maine
1546,nearly
1547,massachusetts
1548,frenchcanadian catholic
1549,massachusetts
1550,bellingham
1551,massachusetts
1552,canobie lake
1553,new hampshire
1554,fall river
1555,massachusetts
1556,massachusetts
1557,massachusetts
1558,massachusetts
1559,held
1560,new hampshire
1561,massachusetts
1562,march of francoamerican
1563,massachusetts
1564,new hampshire
1565,canada
1566,france
1567,maine
1568,augusta city council
1569,vermont
1570,frenchcanadians
1571,manville
1572,rhode island
1573,county
1574,massachusetts
1575,lynn
1576,merrimac
1577,methuen
1578,lake champlain
1579,new york and vermont
1580,lowell
1581,massachusetts
1582,new hampshire
1583,maine
1584,augusta
1585,maine
1586,maine
1587,as
1588,augusta
1589,maine
1590,augusta
1591,maine
1592,maine
1593,maine
1594,st augustine
1595,augusta
1596,maine
1597,lewiston
1598,maine
1599,maine
1600,lewiston
1601,maine
1602,maine
1603,maine
1604,lewiston
1605,maine
1606,maine
1607,maine
1608,maine
1609,eastside
1610,maine
1611,their
1612,maine
1613,maine
1614,augusta
1615,maine
1616,kvfcu
1617,formerly known as st augustine credit union
1618,augusta
1619,maine
1620,maine
1621,augusta
1622,maine
1623,augusta
1624,maine
1625,includes
1626,maine
1627,augusta
1628,maine
1629,maine
1630,maine
1631,maine
1632,maine
1633,maine
1634,maine
1635,their
1636,maine
1637,maine
1638,sand hill
1639,maine
1640,monroe street
1641,sand hill
1642,aka
1643,frenchie
1644,augusta
1645,maine
1646,augusta
1647,maine
1648,sand hill in augusta
1649,maine
1650,orlando
1651,and maine
1652,maine
1653,france
1654,portland
1655,maine
1656,maine
1657,augusta
1658,maine
1659,maine
1660,sand hill in augusta
1661,maine
1662,augusta
1663,maine
1664,includes
1665,sand hill
1666,maine
1667,sand hill in augusta
1668,maine
1669,maine
1670,hawaii
1671,maine
1672,maine
1673,as
1674,maine
1675,maine
1676,maine
1677,maine
1678,nancy
1679,maine
1680,nancy
1681,before
1682,ellis
1683,augusta
1684,maine
1685,maine
1686,maine
1687,francoamerican
1688,augusta
1689,maine
1690,maine
1691,augusta
1692,maine
1693,ellis contends
1694,maine
1695,maine
1696,maine
1697,maine
1698,superior court judge rejects
1699,violette
1700,maine
1701,augusta
1702,maine
1703,nancy
1704,ellis
1705,augusta
1706,maine
1707,augusta
1708,maine
1709,augusta
1710,maine
1711,maine
1712,maine
1713,augusta
1714,maine
1715,maine
1716,in
1717,augusta
1718,maine
1719,augusta
1720,maine
1721,maine
1722,maine
1723,nancy
1724,maine
1725,the francoamericans
1726,new york
1727,vantage press
1728,maine
1729,francoamerican
1730,maine
1731,maine
1732,maine
1733,augusta
1734,maine
1735,comes
1736,maine
1737,nancy albert ellis
1738,augusta
1739,maine
1740,nancy
1741,augusta
1742,maine
1743,offers
1744,maine
1745,maine
1746,woman who
1747,francoamerican
1748,maine
1749,maine
1750,franklin street in
1751,augusta
1752,maine
1753,sand hill
1754,sandhill
1755,sand hill
1756,sandhill
1757,sand hill
1758,sandhill
1759,sand hill
1760,sandhill
1761,madison
1762,maine
1763,bangor
1764,maine
1765,canada
1766,francophone
1767,seemingly split between
1768,new england
1769,quebec
1770,new york
1771,moreover
1772,north america
1773,union stjeanbaptiste
1774,papal
1775,frenchcanadian
1776,frenchcanadian
1777,boston
1778,massachusetts
1779,brief
1780,fall river
1781,massachusetts
1782,providence
1783,rhode island
1784,author
1785,new england
1786,contains
1787,fall river
1788,massachusetts
1789,frenchcanadian
1790,massachusetts
1791,fall river
1792,massachusetts
1793,fall river
1794,massachusetts
1795,stjeanbaptiste
1796,frenchcanadian
1797,frenchcanadian
1798,bishops in new england
1799,boston
1800,franco
1801,new england
1802,the francoamerican working woman
1803,frenchcanadian
1804,new england
1805,fall river
1806,massachusetts
1807,maine
1808,house
1809,francoamerican
1810,jr
1811,dionne
1812,americanization
1813,author
1814,america
1815,bowdoin
1816,montréal
1817,new hampshire
1818,new york
1819,le devoir
1820,rã
1821,du maine
1822,as
1823,us
1824,california
1825,side by
1826,parent grew
1827,ed sanders
1828,ã
1829,lowell
1830,contains
1831,quebec
1832,massachusetts
1833,ãcrivain
1834,massachusetts
1835,ã
1836,â
1837,french canada
1838,canada
1839,augusta
1840,maine
1841,concord
1842,massachusetts
1843,from cspan
1844,new england
1845,maine
1846,biddeford
1847,contains
1848,vermont
1849,cyberfair
1850,their
1851,canada
1852,queìbec
1853,timber
1854,hine
1855,york city
1856,reveil
1857,from the center for media and democracy
1858,rã
1859,waking
1860,reveil
1861,new france
1862,bluteau
1863,from france
1864,ã
1865,ã
1866,etatsunis
1867,manchester
1868,new hampshire
1869,montreal
1870,chantal
1871,celine
1872,new hampshire
1873,bonjour
1874,at work
1875,using
1876,learn
1877,maine
1878,â
1879,food
1880,spinning
1881,weaving
1882,massachusetts
1883,beat generation
1884,poãte
1885,rã
1886,rã
1887,france
1888,lewiston
1889,francoamã
1890,maine
1891,rã
1892,ã
1893,ãtatsunis
1894,new france
1895,of france
1896,francoamerican
1897,new france
1898,adultage children uniting
1899,atout
1900,americana
1901,with
1902,family
1903,lowell
1904,massachusetts
1905,americana
1906,nouvelleangleterre
1907,rã
1908,ã
1909,soirée
1910,canuck
1911,america
1912,maine
1913,written
1914,maine
1915,coburn
1916,wellconnected
1917,two others
1918,in
1919,read
1920,massachusetts
1921,francoamerican
1922,redandwhite
1923,francoamerican
1924,i
1925,louisiana
1926,the marquise de pompadour
1927,america
1928,france
1929,north america
1930,new france on the eastern
1931,new france
1932,holyoke
1933,massachusetts
1934,boston
1935,massachusetts
1936,america
1937,catholicism
1938,their
1939,massachusetts
1940,bahamian
1941,frenchcanadian
1942,frenchcanadian
1943,new england
1944,ducharme
1945,short
1946,louisiana
1947,however
1948,well as legitimacy
1949,francoamãricains
1950,ã
1951,haitiens
1952,canadiens
1953,ã
1954,nouvellefrance
1955,ã
1956,ã
1957,rã
1958,from watching
1959,compiled from oral
1960,francoamerican
1961,louisiane
1962,acadie
1963,ã
1964,etatsunis
1965,ã
1966,rã
1967,rã
1968,ã
1969,ãtablis
1970,nouvellefrance
1971,france
1972,switzerland
1973,alsacelorrain
1974,germany
1975,ireland
1976,compiled from oral
1977,because
1978,compiled from
1979,vermont
1980,compiled from oral
1981,vermont
1982,vermont home
1983,postcards
1984,brief
1985,rhode island
1986,columbia university
1987,europe
1988,ã
1989,ãtatsunis
1990,mã
1991,rã
1992,child
1993,new england
1994,dominican
1995,dominican maneuvers
1996,first
1997,new england
1998,academic
1999,catholic lives
2000,maine
2001,rhode island
2002,francoameìricains
2003,montreal
2004,connecticut
2005,montreal
2006,connecticut that was held in september 1896
2007,rome
2008,state
2009,new hampshire
2010,argument
2011,vermont
2012,maine
2013,i
2014,rhode island
2015,rhode island
2016,catholic
2017,new england
2018,as
2019,woonsocket
2020,rhode island
2021,massachusetts
2022,francoamericans
2023,maine
2024,frenchspeaking
2025,francophone
2026,canada
2027,canada
2028,francophone
2029,grade
2030,alberta
2031,specifically
2032,i
2033,memory
2034,i
2035,i
2036,guiannãe of
2037,missouri
2038,rocher
2039,illinois
2040,new year
2041,longterm winter
2042,their
2043,northerners
2044,maine
2045,lewiston
2046,maine
2047,maine
2048,madawaska
2049,new brunswick
2050,french canada
2051,beat generation
2052,rã
2053,rã
2054,beat generation
2055,beat generation
2056,rã
2057,rã
2058,river valley
2059,new brunswick and the state of maine
2060,madawaska
2061,new brunswick
2062,maine
2063,waterville
2064,maine
2065,massachusetts
2066,massachusetts
2067,salem state college
2068,nouvelleangleterre
2069,brunswick
2070,maine
2071,francoameìricains
2072,fall river
2073,la poeìsie
2074,nouvelleangleterre
2075,francoameìricains
2076,vermont
2077,new england
2078,frenchspeaking community centered
2079,author
2080,canada
2081,americanization
2082,pp8485
2083,vermont
2084,vermont
2085,america
2086,largerthan
2087,vermont
2088,vermont
2089,burl
2090,about
2091,enduring
2092,strongminded
2093,written
2094,contains
2095,from cooper square press
2096,why
2097,republican
2098,maine
2099,maine
2100,laconia
2101,new hampshire
2102,massachusetts
2103,broadly
2104,maine
2105,maine
2106,knew
2107,massachusetts
2108,indian beginnings
2109,history of lowell
2110,fall river
2111,massachusetts
2112,new hampshire
2113,presse franco
2114,new hampshire
2115,culturally
2116,new
2117,maine
2118,biddeford
2119,kerouac
2120,blaise
2121,postmodern autobiography and lunar
2122,also
2123,emeryville
2124,ontario
2125,biblioasis
2126,vermont
2127,france
2128,strength
2129,vermont teacher
2130,vermont
2131,hard work
2132,vermont
2133,as
2134,america
2135,new hampshire
2136,new hampshire
2137,new hampshire
2138,originally
2139,new hampshire
2140,new france
2141,of maine
2142,from pequot press
2143,penobscot
2144,each
2145,includes
2146,the francoamericans
2147,patriote de louest and
2148,new england
2149,new brunswick
2150,essays
2151,river valley
2152,yankees
2153,maine
2154,new brunswick
2155,region
2156,baselines
2157,maine
2158,although
2159,canada
2160,chicago
2161,illinois
2162,maine
2163,introduced with
2164,rhode island and
2165,ethel boissevain
2166,the frenchcanadians of new england
2167,the arabicspeaking
2168,rhode island
2169,cape verdean americans
2170,quebec city
2171,through
2172,in
2173,colonie francoameìricaine de woonsocket
2174,rhode island
2175,francoamerican
2176,new hampshire
2177,new england
2178,new england
2179,she
2180,massachusetts
2181,history of workingclass
2182,massachusetts
2183,explaining
2184,maine
2185,america
2186,maine
2187,frenchcanadian
2188,new england
2189,lewiston
2190,maine
2191,americans
2192,messager
2193,lewiston
2194,maine
2195,maine
2196,plattsburgh
2197,maine
2198,mill city
2199,rhode island
2200,rhode island
2201,maine
2202,hard work
2203,francoamã
2204,basã
2205,8
2206,toronto
2207,ã
2208,nouvelleangleterre
2209,ã
2210,ãtatsunis
2211,rãªve pieux
2212,ãtatsunis
2213,rã
2214,francoameìricains
2215,nouvelleangleterre
2216,reìaliteìs
2217,roby writes
2218,their
2219,the francoamericans
2220,new hampshire
2221,manchester
2222,which attracted
2223,the city
2224,new york
2225,editions multimonde
2226,grandebretagne
2227,canada
2228,ãtatsunis
2229,afrique du sud
2230,australie
2231,nouvellezãlande â
2232,rã
2233,quebec
2234,landscape
2235,quebec
2236,contains
2237,gardner
2238,massachusetts
2239,large
2240,communication
2241,canada
2242,narrated
2243,what
2244,canada
2245,peoples
2246,worcester
2247,massachusetts
2248,dufresne
2249,maine mental hospital
2250,maine
2251,etat
2252,quebec
2253,maine
2254,their letters
2255,new hampshire
2256,nouvelleangleterre
2257,manchester
2258,new hampshire
2259,providence
2260,rhode island
2261,rã
2262,ã  ãcriture
2263,etatsunis
2264,maine
2265,academic
2266,short
2267,waterville
2268,maine
2269,maine
2270,using
2271,new york and brooklyn
2272,middleclass observers
2273,englishcajun french
2274,darrell bourque
2275,louisiane
2276,cadien
2277,acadie
2278,etatsunis
2279,centiãme
2280,massachusetts
2281,canadiens
2282,nouvelleangleterre
2283,massachusetts
2284,viabiliteì
2285,anglo
2286,francoamerican
2287,louisiana literature
2288,quebec whose lives were
2289,quebec
2290,fermiãres
2291,americans
2292,louisiane
2293,maine
2294,maine
2295,maine
2296,neìcessaire
2297,madawaska
2298,distances
2299,madawaska
2300,madawaska
2301,maine
2302,dexter
2303,maine
2304,new england
2305,maine
2306,orono
2307,maine
2308,hollywood
2309,louisiana
2310,introduced
2311,louisiana
2312,during
2313,louisiana
2314,acadiana
2315,new hampshire
2316,ãcrivain du texte
2317,rhode island
2318,nouvelleangleterre
2319,pont de rome
2320,rã
2321,ã
2322,queìbec
2323,ameìricaine
2324,canada
2325,ãtatsunis
2326,bingham
2327,maine
2328,indeed
2329,orono
2330,maine
2331,orono
2332,maine
2333,orono
2334,maine
2335,maine
2336,towns
2337,nashua
2338,new hampshire
2339,a fascinating
2340,connecticut
2341,lire
2342,read
2343,télécharger
2344,vermont
2345,mentions
2346,oral
2347,place in madawaska
2348,maine
2349,acadian
2350,maine
2351,oral
2352,lewiston
2353,maine
2354,her
2355,maine
2356,theoretically
2357,includes
2358,particularly in michigan
2359,michigan
2360,new france
2361,quebec
2362,montreal
2363,massachusetts
2364,queìbecois
2365,rhode island
2366,maine
2367,maine
2368,waterville
2369,maine
2370,maine
2371,maine
2372,ã
2373,madawaska
2374,maine
2375,maine
2376,maine
2377,very ida christmas
2378,maine
2379,maine
2380,manchester
2381,new hampshire
2382,selfguided francoamerican
2383,features
2384,two languages
2385,alzheimers
2386,also
2387,francoamerican
2388,maine
2389,maine
2390,france
2391,from maine
2392,quebec
2393,cajun
2394,quebec
2395,contains
2396,originally
2397,new hampshire
2398,new england towns
2399,canada
2400,i
2401,especially
2402,particularly
2403,louisiana over time
2404,louisiana
2405,cajun
2406,cajun
2407,cajun
2408,mississippi valley
2409,cajuns
2410,hence
2411,spoonwood opens
2412,birch
2413,once
2414,new england
2415,grounded
2416,rhode island
2417,columbia university
2418,arno press
2419,amérique du nord
2420,canada
2421,étatsunis
2422,canada
2423,acadie
2424,québec
2425,canada
2426,québec
2427,canada
2428,l
2429,nouveaubrunswick
2430,francoontariens
2431,francoontariens
2432,etatsunis
2433,francoaméricains
2434,amérique française
2435,nouvelleangleterre
2436,francoaméricanie
2437,francoaméricains
2438,québec
2439,amérique française
2440,anthology
2441,maine
2442,brief
2443,august
2444,maine
2445,portland
2446,maine
2447,maine
2448,portland
2449,maine
2450,essay
2451,maine
2452,presented
2453,father spike
2454,lowell
2455,massachusetts
2456,ãcrivain
2457,kerouac
2458,beat generation
2459,ã
2460,orono
2461,maine
2462,waterville
2463,maine
2464,duke
2465,etatsunis
2466,francoamã
2467,little rose
2468,rhode island
2469,little rose is revered in local
2470,boston
2471,massachusetts
2472,contains
2473,maine
2474,st andrã church
2475,biddeford
2476,maine
2477,held
2478,their communities
2479,boston
2480,nouvelle france
2481,premiãre
2482,etatsunis
2483,english
2484,contains
2485,frenchcanadians in new england
2486,francoamericans
2487,originally
2488,frenchcanadian
2489,contains
2490,pontonnier
2491,gadois
2492,langlois
2493,gouin
2494,baudouin
2495,perche
2496,choret
2497,crevier
2498,rondeau
2499,guillet
2500,chateauneuf
2501,couture
2502,louisiana
2503,maine
2504,new hampshire
2505,vermont
2506,through
2507,worcester
2508,massachusetts
2509,new hampshire
2510,america
2511,la france
2512,canada
2513,francoamã
2514,county
2515,city
2516,ãtat
2517,etatsunis
2518,rã
2519,millersville state college
2520,maine
2521,cultural
2522,lewiston
2523,maine
2524,new england
2525,tagline
2526,universiteì dindiana
2527,bloomington
2528,essay
2529,north america
2530,support
2531,universiteì dindiana
2532,bloomington
2533,maine
2534,rã
2535,francoamã
2536,annã
2537,nouvelleangleterre
2538,ãtat
2539,francos
2540,massachusetts
2541,irish
2542,acadian
2543,new england
2544,provides
2545,new england
2546,new england
2547,written
2548,maine
2549,maine
2550,francoamã
2551,worcester
2552,massachusetts
2553,kerouac
2554,rã
2555,â
2556,â
2557,maine
2558,new york
2559,maine
2560,massachusetts
2561,writer
2562,somerville
2563,massachusetts
2564,lowell
2565,massachusetts
2566,lowellians
2567,lowell
2568,massachusetts
2569,notsofavorite son
2570,ontario
2571,begins
2572,francoamericans
2573,frenchcanadian
2574,newworld explorations of samuel de champlain
2575,their 18thcentury
2576,acadian
2577,namely one
2578,includes
2579,rhode island
2580,pays
2581,contains
2582,quebec
2583,canada
2584,observations
2585,canada
2586,observations
2587,new england
2588,each
2589,mathilda
2590,bourassa
2591,charest
2592,who raised
2593,especially so
2594,rhode island
2595,canadiens
2596,etatsunis
2597,woonsocket
2598,ã  woonsocket
2599,maine
2600,written
2601,held at bedford
2602,new hampshire
2603,new hampshire
2604,francoaméricains
2605,nouvelleangleterre
2606,bedford
2607,new hampshire
2608,francoaméricains
2609,vie politique américaine
2610,francoaméricains
2611,vie economique américaine
2612,francoaméricains
2613,francoaméricains
2614,francoaméricains
2615,canada
2616,québec
2617,francoaméricains
2618,canada
2619,français
2620,québec
2621,francoaméricains
2622,louisiane
2623,francoamericans
2624,france
2625,francoaméricains
2626,france
2627,canada
2628,massachusetts
2629,new england city
2630,san francisco blues
2631,of maine
2632,maine
2633,of maine
2634,farming
2635,maine
2636,rhode island
2637,rhode island
2638,spoken nonenglish
2639,america
2640,woonsocket
2641,rhode island
2642,rhode island
2643,contains
2644,du nord
2645,du nord
2646,canadiens
2647,ãtatsunis
2648,ãtatsunis
2649,nouvelle france
2650,midwest
2651,maniãre
2652,ãtatsunits
2653,gãteaux
2654,remãdes
2655,ãnumã
2656,rã
2657,jews
2658,catholics
2659,new england
2660,3 to assess the role of ethnic
2661,shortcomings
2662,maine
2663,vermont
2664,vermont
2665,rã
2666,ãtat
2667,rã
2668,vermont
2669,orono
2670,maine
2671,title
2672,francos
2673,wellbeing
2674,pittsburgh
2675,fall river
2676,etatsunis
2677,fall river
2678,massachusetts
2679,nouvelleangleterre
2680,rã
2681,burlington
2682,vermont
2683,francoamã
2684,vermont
2685,ã  saintjacques
2686,ã  manville
2687,rhode island
2688,saintjacques
2689,rhode island
2690,massachusetts
2691,new york
2692,rhode island
2693,saintjacques
2694,magnan
2695,magnan
2696,rã
2697,eglise
2698,nouvelleangleterre
2699,etatsunis
2700,fall river
2701,massachusetts
2702,fall river
2703,hartford
2704,connecticut
2705,comiteì permanente
2706,francoameìricains
2707,maine
2708,comiteì
2709,laplante
2710,lewiston
2711,maine
2712,premiãre
2713,etatsunis
2714,ã
2715,nouvelleangleterre
2716,fall river
2717,massachusetts
2718,rã
2719,estcourt
2720,ã
2721,fall river
2722,ã
2723,rhode island
2724,la patrie
2725,lewiston
2726,ã
2727,ã
2728,fall river
2729,massachusetts
2730,rã
2731,rã
2732,rã
2733,etatsunis
2734,canadiens
2735,ãtatsunis ã
2736,rhode island
2737,canada
2738,rã
2739,rhode island
2740,new england magazine
2741,boston
2742,biddeford
2743,maine
2744,ãgalitã politique
2745,ãtatsunis
2746,maine
2747,observations
2748,for scholarly
2749,contains
2750,maine
2751,lewiston
2752,francoamericans
2753,maine
2754,lowell
2755,massachusetts
2756,contains
2757,vermont community
2758,wars
2759,differences
2760,contains
2761,vermont
2762,maine
2763,maine
2764,maine
2765,mainers
2766,maine
2767,maine
2768,journalistic
2769,maine
2770,maine
2771,woman
2772,hull creek
2773,originally
2774,"giant
jonclod"
2775,originally
2776,river city
2777,originally
2778,originally
2779,paris
2780,originally
2781,in esquire
2782,mackerel
2783,originally
2784,loons
2785,originally
2786,doghouse
2787,monkeys
2788,originally
2789,worcester
2790,massachusetts
2791,quebec
2792,telesphore stpierre as journalist advocate for la survivance during
2793,canadian
2794,stpierre
2795,manchester
2796,new hampshire
2797,ethnicity
2798,their effectiveness
2799,amoskeag
2800,massachusetts
2801,new
2802,fall river
2803,maine
2804,st augustine
2805,du nord
2806,of brunswick
2807,maine
2808,maine
2809,essay
2810,queìbec history
2811,remembrances
2812,brunswick
2813,massachusetts
2814,vermont
2815,portland
2816,maine
2817,the state meet
2818,fr
2819,squatter
2820,maine
2821,lewistonauburn
2822,new england
2823,also
2824,quebec
2825,maine
2826,hard work
2827,superette
2828,maine
2829,contains
2830,lisbon falls
2831,maine
2832,new england
2833,creton
2834,ployes
2835,mean
2836,historically
2837,state representative
2838,eagle lake
2839,portland
2840,maine
2841,maine
2842,maine
2843,contains
2844,lewiston
2845,maine
2846,observations
2847,orono
2848,subtitled
2849,bangor
2850,maine
2851,francoamerican
2852,maine
2853,voyages
2854,maine
2855,affaires
2856,maine
2857,bangor
2858,bangor
2859,quebec
2860,north america
2861,historically
2862,river valley
2863,their history
2864,large
2865,what
2866,corporation sole
2867,maine
2868,francoaméricains
2869,nouvelleangleterre
2870,massachusetts
2871,b
2872,c
2873,nouvelleangleterre
2874,québec
2875,fall river
2876,ma
2877,francoaméricains
2878,francoaméricains
2879,nouvelleangleterre
2880,nouvelleangleterre
2881,le francoaméricain de la nouvelleangleterre
2882,amérique du nord
2883,a
2884,conseils
2885,a
2886,francoaméricains
2887,canadoaméricains
2888,voeux
2889,hommages
2890,voeux
2891,francorepublican
2892,northern maine
2893,frenchville
2894,fort kent
2895,grand isle
2896,each
2897,lewiston
2898,maine
2899,am
2900,toronto
2901,intended
2902,new brunswick
2903,newfoundland and labrador
2904,compiled by historian and canadianamerican scholar
2905,rhode island area
2906,rhode island
2907,rhode islanders
2908,maine
2909,maine
2910,vermont
2911,burlington
2912,vermont
2913,rã
2914,etatsunis
2915,ã
2916,ãtatsunis
2917,a scholarly
2918,quebec
2919,new england
2920,louisiane
2921,louisiane
2922,vermont
2923,singersongwriter and
2924,nouvelleangleterre
2925,nouvelleangleterre
2926,manhattan
2927,new york city
2928,de france
2929,canada
2930,etatsunis
2931,francoaméricains
2932,nouvelleangleterre
2933,amérique
2934,quatuor
2935,barcarolle
2936,choeur
2937,bonsoir
2938,de france
2939,canadien
2940,choeur
2941,quatuor
2942,désillusion
2943,melodie
2944,la france
2945,stjeanbaptiste
2946,la brabanconne
2947,romance
2948,sambre
2949,meuse
2950,solo
2951,romance
2952,romance
2953,marlborough
2954,choeur
2955,minuit
2956,canada
2957,choeur
2958,canada
2959,quatuor
2960,canada
2961,salut
2962,la france
2963,aria
2964,romance
2965,tyrolienne
2966,choeur
2967,berlin
2968,new hampshire
2969,quebec
2970,france
2971,waterville
2972,maine
2973,english
2974,river valley
2975,maine
2976,québec
2977,québec
2978,québécois
2979,québec
2980,étatsunis
2981,francoaméricains
2982,cercle de lowell
2983,fédération de lalliance française
2984,etatsunis
2985,massachusetts
2986,etatsunis
2987,frontispice
2988,dédicace
2989,la france
2990,versailles
2991,saintgermain
2992,fontainebleau
2993,marly
2994,trianon
2995,paris
2996,moliere
2997,la france
2998,etatsunis
2999,français
3000,canada
3001,la france
3002,noel
3003,paris
3004,londres
3005,newyork
3006,ajaccio
3007,saintehélene
3008,cercle
3009,notredame de lourdes
3010,paris
3011,francoaméricains
3012,ã
3013,ã
3014,ã
3015,nouvelleangleterre
3016,nouvelleangleterre
3017,ãtatsunis
3018,quebec
3019,lewiston
3020,maine
3021,fluid city
3022,maine city
3023,salt
3024,essay
3025,maine
3026,linguistically
3027,grady
3028,new england
3029,massachusetts
3030,rhode island
3031,massachusetts
3032,otis quickscoring mental
3033,maine
3034,and stability
3035,rhea
3036,robbins
3037,their work
3038,maine history
3039,maine
3040,quebec
3041,new brunswick
3042,maine
3043,new england
3044,maine woods
3045,brunswick
3046,maine
3047,bowdoin
3048,bowdoin
3049,etatsunis
3050,ãtatsunis
3051,rã
3052,ã
3053,ã
3054,saintpierre
3055,lewiston
3056,maine
3057,lewiston
3058,maine
3059,lewiston
3060,petitcanada
3061,lewiston
3062,lewiston
3063,essay
3064,worcester
3065,massachusetts
3066,worcester
3067,new england
3068,maine
3069,literary
3070,legal
3071,american journalism
3072,new hampshire
3073,rhode island
3074,history of the augusta
3075,includes
3076,cercle de lowell
3077,fédération de lalliance française
3078,etatsunis
3079,massachusetts
3080,frontispice
3081,dédicace
3082,la france
3083,théâtre de brieux
3084,la france
3085,québec
3086,france
3087,tragiques
3088,moyenage
3089,petit septuor de la bonne chanson
3090,noëls
3091,normandie
3092,allemands
3093,diseuse
3094,le roussillon
3095,la france
3096,b e f
3097,flandres
3098,dunkerque
3099,cercle
3100,newbedford
3101,europe
3102,alsace
3103,le curé de village
3104,la france
3105,europe
3106,la france
3107,canada
3108,belgique
3109,vieux québec
3110,haiti
3111,la france
3112,europe
3113,paris
3114,la france
3115,fernande pontalba
3116,bénouville
3117,europe
3118,dr
3119,france
3120,new york
3121,maine
3122,queìbec
3123,queìbec
3124,early
3125,preschool
3126,county
3127,maine
3128,lewiston
3129,lewiston
3130,using
3131,french hill
3132,worcester
3133,contains
3134,from maine
3135,maine
3136,begins
3137,madawaska
3138,each
3139,original acadian
3140,madawaska
3141,duperré
3142,fournier
3143,mercure
3144,potier
3145,sanfaçon 1986
3146,each
3147,original acadian
3148,ã
3149,duluoz
3150,rã
3151,libã
3152,francoaméricains
3153,nouvelleangleterre
3154,francoaméricains
3155,étatsunis
3156,canada
3157,francoaméricains
3158,canadiens
3159,francoaméricains
3160,francoamericains
3161,essay
3162,providence
3163,rhode island
3164,maine
3165,divided
3166,maine
3167,maine
3168,popham beach
3169,maine
3170,tracks
3171,oakland
3172,skowhegan
3173,mercer
3174,waterville
3175,bath
3176,lobstering
3177,bath
3178,worcester
3179,massachusetts
3180,new york city
3181,fondation ã
3182,ã
3183,new york
3184,ã
3185,ã
3186,taysachs
3187,taysachs
3188,ashkenazi
3189,quebec
3190,enzymebased assay
3191,samples
3192,screening
3193,connecticut
3194,etat
3195,connecticut
3196,connecticut
3197,francoaméricains
3198,orono
3199,maine
3200,connecticut
3201,nouvelleangleterre
3202,francoameìricains
3203,etatsunis
3204,francoamericains
3205,hier
3206,etatsunis
3207,quebec
3208,woonsocket
3209,rhode island
3210,francoaméricanie
3211,histoire du québec
3212,woonsocket
3213,rhode island
3214,amérique du nord
3215,république américaine
3216,québec
3217,north america
3218,québec
3219,new york
3220,cotton
3221,contains
3222,étatsunis
3223,canada
3224,etatsunis
3225,canada
3226,ãtatsunis
3227,maine
3228,rivière saintjean
3229,maine
3230,augusta
3231,maine
3232,lewiston
3233,waterville
3234,augusta
3235,maine
3236,maine
3237,maine
3238,maine
3239,name
3240,bijou
3241,beaupré
3242,river valley
3243,river valley
3244,essay
3245,based
3246,psychology of bilingualism
3247,class
3248,contains
3249,class
3250,essay
3251,rhode island
3252,nouvelleangleterre
3253,new york
3254,illinois
3255,michigan
3256,wisconsin
3257,minnesota
3258,francoaméricains
3259,francoaméricanie
3260,francoaméricains
3261,etatsunis
3262,francoaméricains
3263,américaine
3264,designed
3265,francoamerican
3266,two lutins of franco american
3267,features
3268,augusta
3269,biddeford
3270,fort kent
3271,lewiston
3272,madawaska
3273,maine
3274,features
3275,augusta
3276,biddeford
3277,lewiston
3278,the st john valley
3279,maine
3280,video
3281,bonhomme septheures of
3282,includes
3283,lise
3284,dorik
3285,dondaine
3286,features
3287,maine
3288,titguy
3289,features
3290,rhode island governor
3291,features
3292,augusta
3293,biddeford
3294,lewiston
3295,the st john valley
3296,maine
3297,new hampshire
3298,rhode island
3299,features
3300,features
3301,boston
3302,episode 16
3303,features
3304,features
3305,new hampshire
3306,features
3307,maine
3308,lise
3309,titguy
3310,riviãre saintjean
3311,ãtat du maine
3312,annã
3313,ã
3314,fort kent
3315,madawaska
3316,ste agathe
3317,amerique du nord
3318,providence
3319,rhode island
3320,nouvelleangleterre
3321,new hampshire
3322,rhode island
3323,francoaméricains
3324,viiie
3325,francoaméricains
3326,providence
3327,banquet
3328,inc
3329,contains
3330,maine women
3331,france
3332,manchester
3333,new hampshire
3334,nouvelleangleterre
3335,massachusetts
3336,new hampshire
3337,rhode island
3338,rp thomasm landry
3339,voeux
3340,reìsolutions
3341,river valley
3342,maine
3343,through
3344,maine
3345,maine
3346,used
3347,maine
3348,history of worcester
3349,massachusett
3350,union station
3351,through
3352,union
3353,new englanders
3354,written
3355,scholar whose
3356,lowell
3357,great sawmill
3358,maine
3359,with one week
3360,portland
3361,quebec
3362,francoamericans
3363,maine
3364,chicago
3365,new york
3366,written
3367,essay
3368,catholics
3369,eastern european
3370,madawaska
3371,new brunswick
3372,massachusetts
3373,includes
3374,penobscot
3375,english
3376,maine
3377,final
3378,johnson state college in johnson
3379,vermont
3380,contains
3381,inkling
3382,americancitysidewalksuperintendentblues
3383,francoamerican
3384,fh
3385,lewiston
3386,maine
3387,hartford
3388,attitudes
3389,in france
3390,queìbec
3391,maine
3392,frenchenglish
3393,st john river valley
3394,their vitality beliefs concerning the francophone and anglophone communities
3395,lewiston
3396,st john river valley
3397,madawaska
3398,maine
3399,once
3400,two of
3401,in maine
3402,nouvelleangleterre
3403,nouvelleangleterre
3404,canada
3405,de france
3406,nouvelleangleterre
3407,francoaméricains
3408,nouvelleangleterre
3409,nouvelleangleterre
3410,maine
3411,born
3412,island pond
3413,maine
3414,folklore
3415,université laval
3416,québec city
3417,new england generally
3418,mississippi
3419,michigan
3420,and louisiana
3421,ontario
3422,québec
3423,presented
3424,comprend
3425,introduction
3426,the francoamericans
3427,frenchenglish bilingualism and bilingual
3428,nouvelleangleterre
3429,nouvelleangleterre
3430,québec
3431,étatsunis
3432,le petitpoucet
3433,rendez
3434,jeanratoureux
3435,marlboro
3436,massachusetts
3437,westminster
3438,massachusetts
3439,vermont
3440,new england
3441,essay
3442,new england
3443,two of
3444,manchester
3445,new hampshire
3446,new hampshire
3447,rockwood
3448,maine
3449,lewiston
3450,maine
3451,produced
3452,studies in portland
3453,maine
3454,francoaméricains
3455,francoaméricaines
3456,nouvelleangleterre
3457,maine
3458,étatsunis
3459,irlandoaméricains
3460,nouvelleangleterre
3461,etatsunis
3462,province de québec
3463,etatsunis
3464,maine
3465,anatomy
3466,admissions
3467,physical therapy
3468,rhode island
3469,particularly
3470,conference
3471,canadian
3472,laval university
3473,especially
3474,study
3475,workingclass
3476,maine
3477,new england franco americans
3478,francoaméricains
3479,nouvelleangleterre
3480,nouvelleangleterre
3481,amérique du nord
3482,francoaméricaine
3483,in maine
3484,class
3485,new york
3486,état de new york
3487,état
3488,multiple languages
3489,from haiti
3490,queìbec
3491,new england
3492,nouvelleangleterre
3493,nashua
3494,new hampshire
3495,bulletin
3496,meìre
3497,jeknavorian
3498,francoameìricaines
3499,reìflections
3500,seizieìme
3501,worcester
3502,massachusetts
3503,amérique
3504,nouvelleangleterre
3505,comprend
3506,sud
3507,nouvelleangleterre
3508,etat
3509,nouvelleangleterre
3510,worcester
3511,massachusetts
3512,amérique
3513,québec
3514,nouvelleangleterre
3515,etatsunis
3516,québec
3517,québécois
3518,le francoaméricain
3519,vermont
3520,francoaméricains
3521,lewiston
3522,maine
3523,worcester
3524,massachusetts
3525,amérique
3526,nouvelleangleterre
3527,michigan
3528,woonsocket
3529,sentinelle
3530,lewiston
3531,maine
3532,etat
3533,michigan
3534,grande dépression
3535,bateston
3536,maine
3537,bateston
3538,maine
3539,augusta
3540,america
3541,includes
3542,maine
3543,text
3544,two cassette
3545,bonhomme
3546,bonhomme
3547,meunier
3548,a
3549,le moulin a saintmalo
3550,mer derriere
3551,minnesota
3552,wisconsin
3553,illinois
3554,worcester
3555,massachusetts
3556,amérique
3557,acadiennes
3558,grand dérangement
3559,acadie
3560,nouvelleangleterre
3561,nouvelleangleterre
3562,survivance acadienne
3563,nouvelleangleterre
3564,rp clarencej dentremont
3565,acadiens
3566,lauraine
3567,vallée du saintjean
3568,maine
3569,maine
3570,acadiens
3571,francoaméricains
3572,fitchburg
3573,massachusetts
3574,worcester
3575,massachusetts
3576,amérique
3577,lamérique du nord
3578,francoaméricains
3579,nouvelleangleterre
3580,état de new york
3581,canada
3582,franceamérique
3583,étatsunis
3584,woonsocket
3585,rhode island
3586,massachusetts
3587,francoaméricains
3588,new hampshire
3589,américains
3590,petit canada
3591,lewiston
3592,maine
3593,maine
3594,bedford
3595,new hampshire
3596,lowell
3597,massachusetts
3598,nouvelleangleterre
3599,québec
3600,lewiston
3601,maine
3602,bedford
3603,new hampshire
3604,maine
3605,maine
3606,maine
3607,lewiston
3608,maine
3609,albany
3610,lamérique
3611,les francos
3612,amérique du nord
3613,québec
3614,nouvellefrance
3615,amérique
3616,étatsunis
3617,francoaméricains
3618,francoaméricain
3619,étatsunis
3620,isle
3621,nuée la vierge
3622,le penseur et lartiste
3623,la france
3624,italie
3625,ã
3626,atlantique
3627,comprend
3628,woonsocket
3629,rhode island
3630,providence
3631,rhode island
3632,rã
3633,maine
3634,maine
3635,miracle city
3636,brunswick
3637,maine
3638,nouvelleangleterre
3639,québec
3640,comté du champlain
3641,new social history
3642,scholarly
3643,contains
3644,essay
3645,united
3646,maine
3647,st agatha
3648,madawaska
3649,lewiston
3650,fort kent
3651,state of maine
3652,english
3653,nouvelleangleterre
3654,suivantsjeanne
3655,francoaméricaine
3656,canadien
3657,arrivãe des filles du saintespirit
3658,bretagne
3659,france
3660,ã
3661,nouvelleangleterre
3662,hartford
3663,connecticut
3664,rã
3665,ãtatsunis
3666,nouvelleangleterre
3667,fall river
3668,massachusetts
3669,ã
3670,ãtatsunis
3671,rã
3672,nouvelleangleterre
3673,nouvelleangleterre
3674,vermont
3675,springfield
3676,massachusetts
3677,frontiãre
3678,ãtatsunis
3679,canada  de la ville
3680,mines de leadville
3681,colorado
3682,their families
3683,written
3684,rhode island
3685,quebec
3686,preséntation
3687,amérique du nord
3688,québec
3689,étatsunis
3690,rã
3691,biron
3692,nouvelleangleterre
3693,comprend
3694,ã
3695,boston public library
3696,rã
3697,comprend
3698,comprend
3699,new england
3700,new england
3701,new england
3702,new england
3703,arles
3704,new
3705,repentigny
3706,metalious
3707,ã
3708,ãtatsunis
3709,maine
3710,vermont
3711,vermont
3712,maine
3713,polish
3714,maine
3715,vermont
3716,rhode island
3717,somersworth
3718,new hampshire
3719,québec
3720,somersworth
3721,new hampshire
3722,vermont
3723,bilingual
3724,vermont
3725,new brunswick and northern maine
3726,written
3727,compiled from
3728,from maine and
3729,new brunswick whose
3730,millville
3731,maine
3732,based
3733,vermont
3734,frenchenglish
3735,burlington
3736,vermont
3737,canada
3738,differences
3739,austin
3740,texas
3741,march 2730
3742,although
3743,st david
3744,maine
3745,st john river valley
3746,madawaska
3747,with brunswick
3748,booklet
3749,nouvelleangleterre
3750,du nord
3751,worcester
3752,massachusetts
3753,among
3754,maine
3755,contains
3756,ãtatsunis
3757,ãtatsunis
3758,ãtats
3759,nouvelleangleterre
3760,nouvelleangleterre
3761,minnesota
3762,woonsocket
3763,rhode island
3764,lewiston
3765,maine
3766,lewiston
3767,maine
3768,includes
3769,lewiston
3770,maine
3771,firefighting
3772,firefighting tools
3773,lewiston
3774,maine
3775,as city
3776,maine
3777,her
3778,maine
3779,frenchspeaking
3780,wisconsin
3781,california
3782,from canada
3783,vermont
3784,vermont
3785,early
3786,vermont
3787,new england
3788,new england
3789,new england
3790,originally
3791,new england
3792,region
3793,american
3794,ottawa
3795,ontario
3796,massachusetts
3797,massachusetts
3798,massachusetts
3799,worcester
3800,massachusetts
3801,depressionera leominster
3802,french hill
3803,preface
3804,the acadian
3805,new brunswick and
3806,acadian
3807,biddeford
3808,maine
3809,providence
3810,rhode island
3811,brunswick
3812,maine
3813,maine
3814,maine
3815,maine
3816,montréal
3817,catholicism
3818,cleaning
3819,maine
3820,river valley
3821,rã
3822,madawaska
3823,differences
3824,contains
3825,us
3826,mexico
3827,québec
3828,new england and canada
3829,written
3830,frontiers
3831,étatsunis
3832,canada
3833,états unis
3834,nordest
3835,étatsunis
3836,canadiens
3837,"étatsunis
conclusion
bibliographie
listes des tableaux et des graphiques"
3838,ãtatsunis
3839,nouvelleangleterre
3840,centre
3841,nouvelleangleterre
3842,north america
3843,ontario
3844,edited
3845,introduced
3846,new hampshire
3847,new hampshire
3848,yarmouth
3849,new small axe
3850,brief
3851,brief
3852,rhode island
3853,acknowledges
3854,rhode island
3855,pawtucket
3856,rhode island
3857,march 21
3858,ã
3859,souillonne
3860,ontario
3861,nouvelleangleterre
3862,maine
3863,wabanaki
3864,acadia
3865,new france
3866,river valley
3867,island falls
3868,maine
3869,amérique française
3870,rome ponitificale
3871,rome
3872,vatican
3873,vatican
3874,québec
3875,rome
3876,lamérique du nord
3877,historiens
3878,nouvelleangleterre
3879,rutland
3880,massachusetts
3881,nouveaubrunswick
3882,nouvelleangleterre
3883,acadiens
3884,ãtatsunis
3885,rã
3886,canada
3887,ãtatsunis
3888,worcester
3889,irish
3890,new england franco americans dense communities
3891,robbins
3892,paris
3893,new hampshire
3894,maine
3895,new hampshire
3896,amoskeag
3897,new england
3898,south berwick
3899,httpwwwworldcatorgoclc34475664
3900,massachusetts
3901,louisiana
3902,new
3903,new england
3904,massachusetts
3905,literary
3906,essays
3907,worcester
3908,massachusetts
3909,aa
3910,francoaméricains
3911,farouest
3912,holyoke
3913,massachusetts
3914,novel about
3915,saint françois de sales interpretateurs rosaire dion lévesque
3916,new hampshire
3917,manchester
3918,new hampshire
3919,new hampshire
3920,gabriela
3921,nhp
3922,land
3923,vermont
3924,new france
3925,vermont
3926,green mountains
3927,rhode island woman of catholic piety
3928,maine
3929,biddeford
3930,maine
3931,first
3932,massachusetts
3933,francoamerican
3934,contains
3935,written
3936,state museum
3937,mexico
3938,francoamã
3939,basã
3940,massachusetts
3941,new york
3942,san francisco
3943,denver
3944,tampa and st petersburg
3945,new life
3946,immigrating to rapid
3947,usa
3948,begins
3949,maine
3950,from maine
3951,maine
3952,maine
3953,new hampshire
3954,canadiana
3955,francoamericana
3956,manchester
3957,new hampshire
3958,andover
3959,england
3960,massachusetts
3961,maine
3962,holyoke
3963,massachusetts
3964,fall river
3965,massachusetts
3966,includes
3967,usa
3968,french canadian
3969,pierreville
3970,lowell
3971,massachusetts
3972,maãtre
3973,ãtatsunis
3974,canada
3975,europe
3976,ã
3977,ãtat
3978,ãcrivaines canadienncesfranãaises
3979,paris
3980,canada
3981,europe
3982,premiãre
3983,fort kent
3984,new mexico state university
3985,new francophone
3986,maine
3987,massachusetts
3988,massachusetts
3989,sainthenri
3990,little canada
3991,tristessa
3992,ãtatsunis
3993,massachusetts
3994,rhode island in the wake of industrial closures
3995,pawtucket
3996,rhode island in the 1960s and 1970s
3997,an oral
3998,rhode island labor
3999,rhode island
4000,rhode island
4001,rhode island
4002,rhode island
4003,rhode island
4004,includes
4005,rhode island
4006,farming
4007,st denis
4008,frenchcanadian parish
4009,canada
4010,contrasting
4011,river valley
4012,new brunswick
4013,individual
4014,frenchville
4015,maine
4016,written
4017,worcester
4018,massachusetts
4019,notredamedescanadiens
4020,new england
4021,sacolowell
4022,saco
4023,maine
4024,textron
4025,incorporated
4026,new hampshire
4027,incorporated
4028,brattleboro
4029,vermont
4030,massachusetts
4031,connecticut
4032,poetry
4033,subterraneans
4034,french canada
4035,rhode island entrepreneurial and
4036,lowell
4037,massachusetts
4038,providence
4039,rhode islandnative  author of the country
4040,new york
4041,in london
4042,american
4043,in london
4044,the city
4045,rhode island
4046,particularly
4047,essay
4048,oral history
4049,amoskeag
4050,troisriviãres
4051,with
4052,originally
4053,new york
4054,fort wayne
4055,indiana
4056,her
4057,america
4058,wyoming
4059,maine
4060,maine
4061,republished
4062,malden
4063,massachusetts
4064,frenchspeaking
4065,catholic migrants
4066,catholic
4067,lewiston
4068,manchester
4069,rhode island
4070,waterville
4071,jr
4072,fenway park with
4073,new york  that
4074,with familiarity
4075,from woonsocket
4076,rhode island
4077,title
4078,maine
4079,housing
4080,schooling
4081,work
4082,new france
4083,worcester
4084,massachusetts
4085,nouvelleangleterre
4086,nouvelleangleterre
4087,francoaméricains
4088,nouvelleangleterre
4089,connecticut
4090,collège de lassomption
4091,étatsunis
4092,ou
4093,sainteanee
4094,francoaméricains
4095,sainteanne
4096,worcester
4097,nouvelleangleterre
4098,francoaméricains
4099,rjm
4100,nouvelleangleterre
4101,sco
4102,francoaméricains
4103,sainteunion
4104,francoaméricains
4105,rolande st jean
4106,francoaméricains
4107,ssch
4108,la france
4109,acadie
4110,québec
4111,nouvelleangleterre
4112,chicopee
4113,massachusetts
4114,southbridge
4115,massachusetts
4116,francoaméricains
4117,du maine
4118,madawaska
4119,pantheon
4120,rhode island catholic parish cultural milieu of his upbringing
4121,maine
4122,du nord
4123,ãtatsunis
4124,rã
4125,usa
4126,americanization
4127,changing
4128,women
4129,new england city
4130,canada
4131,usa
4132,contains
4133,new france
4134,catholic
4135,protestant
4136,maine
4137,new hampshire
4138,massachusetts
4139,rhode island
4140,particularly
4141,keene
4142,new hampshire
4143,landry
4144,a man
4145,new england and new orleans
4146,new england
4147,essay
4148,canadaus relations
4149,canadian
4150,summary
4151,maine
4152,written
4153,plattsburgh
4154,new york
4155,plattsburgh
4156,specifically in quã
4157,massachusetts
4158,class
4159,women
4160,ireland
4161,france
4162,reduced
4163,new france
4164,lowell
4165,massachusetts
4166,relatives
4167,their cultures and their mobility
4168,new england
4169,vivid
4170,cather
4171,their understanding of public perceptions
4172,massachusetts
4173,maine
4174,nouvelleangleterre
4175,ãtatsunis
4176,ã
4177,new york
4178,vermont
4179,new england
4180,new england
4181,wyoming
4182,vermont
4183,new england
4184,history of nashua
4185,kerouackians
4186,lower canada
4187,hervã
4188,north america
4189,rã
4190,massachusetts
4191,ouvriãre
4192,åuvre
4193,rã
4194,ã
4195,åuvre
4196,ãtatsunis
4197,nouvelleangleterre
4198,canada
4199,slavery
4200,thoughts
4201,languages
4202,lower canada
4203,mireau
4204,rhode island author
4205,new hampshire
4206,new england
4207,ottawa
4208,ontario
4209,adult magazines
4210,select
4211,the mountain
4212,québec
4213,québec
4214,lewiston
4215,new england review
4216,biddeford
4217,maine
4218,nouvelleangleterre
4219,rhode island
4220,katonga
4221,floribec
4222,hollywood
4223,floribec
4224,nomãne
4225,floribec
4226,floribec
4227,floribecois
4228,once inform and are informed by regional and familial experiences of ethnicity
4229,west coast
4230,san francisco
4231,and francoamerican
4232,their contents
4233,francoamã
4234,nomãne
4235,canada
4236,france
4237,ãtatsunis
4238,canada
4239,new france
4240,worcester
4241,colorado
4242,little miracles
4243,california
4244,new hampshire
4245,through
4246,stupidity
4247,sexuality
4248,new
4249,pennsylvania
4250,georgia
4251,north carolina
4252,tennessee
4253,boston
